USE SylviaHungerfordFinal;

DELETE FROM Gender;
DELETE FROM Class;
DELETE FROM CERarityToMaxLevel;
DELETE FROM MasterServantList;
DELETE FROM MasterCraftEssenceList;

INSERT INTO Gender (genderID, genderName) VALUES	(0, "Female"), 
													(1, "Male"),
                                                    (2, "Other");


INSERT INTO Class (ClassID, ClassName) VALUES	(0, "Shielder"),
												(1, "Saber"),
												(2, "Archer"),
												(3, "Lancer"),
                                                (4, "Rider"),
                                                (5, "Caster"), 
												(6, "Assassin"),
                                                (7, "Berserker"),
												(8, "Ruler");

INSERT INTO CERarityToMaxLevel (CERarity, CEMaxLevel)
			VALUES		(1, 50), (2, 55), (3, 60), (4, 80), (5, 100);

                        
INSERT INTO MasterServantList	(ServantID, ServantName, ClassID, GenderID, ServantBaseRarity,
								ServantBaseAtk, ServantMaxAtk, ServantBaseHP, ServantMaxHP)
	VALUES						(1, "Mash Kyrielight", 0, 0, 3,
								1261, 14419, 1854, 18362),
                                (2, "Artoria Pendragon", 1, 0, 5,
								1734, 16418, 2222, 19506),
                                (3, "Artoria Pendragon (Alter)", 1, 0, 4,
                                1708, 16569, 1854, 16514),
                                (4, "Artoria Pendragon (Lily)", 1, 0, 4,
                                1287, 12984, 1699, 17138),
                                (5, "Nero Claudius", 1, 0, 4,
                                1574, 15433, 1880, 18748),
                                (6, "Siegfried", 1, 1, 4,
                                1363, 13630, 2266, 22185),
                                (7, "Gaius Julius Caesar", 1, 1, 3,
                                1392, 13917, 1727, 17291),
                                (8, "Altera", 1, 0, 5,
                                1907, 17859, 2039, 19906),
                                (9, "Gilles de Rais (Saber)", 1, 1, 3,
                                1228, 12515, 1889, 18730),
                                (10, "Chevalier d’Eon", 1, 2, 4,
                                1460, 14461, 2121, 20890),
                                (11, "EMIYA", 2, 1, 4,
                                1566, 15360, 1843, 18418),
                                (12, "Gilgamesh", 2, 1, 5,
                                1897, 17779, 1920, 18863),
                                (13, "Robin Hood", 2, 1, 3,
                                1247, 12673, 1833, 18235),
                                (14, "Atalanta", 2, 0, 4,
                                1438, 14273, 1996, 19778),
                                (15, "Euryale", 2, 0, 3,
                                1306, 13177, 1711, 17149),
                                (16, "Arash", 2, 1, 1,
                                1057, 12651, 1424, 14911),
                                (17, "Cú Chulainn", 3, 1, 3,
                                1334, 13506, 1726, 17288),
                                (18, "Elizabeth Báthory", 3, 0, 4,
                                1520, 14968, 1899, 18915),
                                (19, "Musashibō Benkei", 3, 1, 2,
                                1029, 11900, 1722, 17528),
                                (20, "Cú Chulainn (Prototype)", 3, 1, 3,
                                1315, 13257, 1817, 16093),
                                (21, "Leonidas I", 3, 1, 2,
                                1168, 13234, 1498, 15508),
                                (22, "Romulus", 3, 1, 3,
                                1344, 13506, 1779, 17750),
                                (23, "Medusa", 4, 0, 3,
                                1337, 13444, 1608, 16243),
                                (24, "Georgios", 4, 1, 2,
                                929, 10935, 1731, 17615),
                                (25, "Edward Teach", 4, 1, 2,
                                1097, 12561, 1488, 15420),
                                (26, "Boudica", 4, 0, 3,
                                1168, 11996, 1823, 18144),
                                (27, "Ushiwakamaru", 4, 0, 3,
                                1314, 13247, 1625, 16387),
                                (28, "Alexander", 4, 1, 3,
                                1366, 13692, 1555, 13769),
                                (29, "Marie Antoinette", 4, 0, 4,
                                1382, 13789, 1975, 17596),
                                (30, "Martha", 4, 0, 4,
                                1335, 13393, 2090, 20622),
                                (31, "Medea", 5, 0, 3,
                                1377, 13791, 1555, 15744),
                                (32, "Gilles de Rais", 5, 1, 3,
                                1209, 12354, 1711, 17149),
                                (33, "Hans Christian Andersen", 5, 1, 2,
                                1021, 11827, 1597, 16399),
                                (34, "William Shakespeare", 5, 1, 2,
                                1028, 11895, 1520, 15715),
                                (35, "Mephistopheles", 5, 1, 3,
                                1270, 12870, 1659, 16687),
                                (36, "Wolfgang Amadeus Mozart", 5, 1, 1,
                                944, 11514, 1425, 14924),
                                (37, "Zhuge Liang (Lord El-Melloi II)", 5, 1, 5,
                                1637, 15617, 2091, 18359),
                                (38, "Cú Chulainn (Caster)", 5, 1, 3,
                                1222, 12459, 1728, 17306),
                                (39, "Sasaki Kojirō", 6, 1, 1,
                                1042, 12503, 1244, 13275),
                                (40, "Hassan of the Cursed Arm", 6, 1, 2,
                                1114, 12717, 1429, 14889),
                                (41, "Stheno", 6, 0, 4,
                                1497, 14773, 1843, 18413),
                                (42, "Jing Ke", 6, 0, 3,
                                1338, 13456, 1492, 15216),
                                (43, "Charles-Henri Sanson", 6, 1, 2,
                                968, 11311, 1568, 16102),
                                (44, "Phantom of the Opera", 6, 1, 2,
                                1003, 11649, 1580, 16245),
                                (45, "Mata Hari", 6, 0, 1,
                                977, 11847, 1313, 13901),
                                (46, "Carmilla", 6, 0, 4,
                                1568, 15375, 1675, 16924),
                                (47, "Heracles", 7, 1, 4,
                                1775, 17148, 1652, 16716),
                                (48, "Lancelot", 7, 1, 4,
                                1746, 16894, 1652, 16716),
                                (49, "Lu Bu Fengxian", 7, 1, 3,
                                1507, 14906, 1494, 15230),
                                (50, "Spartacus", 7, 1, 1,
                                922, 11290, 1544, 15998),
                                (51, "Sakata Kintoki", 7, 1, 5,
                                1964, 18334, 1782, 17644),
                                (52, "Vlad III", 7, 1, 5,
                                1777, 16775, 2019, 19730),
                                (53, "Asterios", 7, 1, 1,
                                1097, 13056, 1320, 13972),
                                (54, "Caligula", 7, 1, 2,
                                1374, 13658, 1211, 14396),
                                (55, "Darlius III", 7, 1, 3,
                                1412, 14093, 1577, 15965),
                                (56, "Kiyohime", 7, 0, 3,
                                1233, 12561, 1649, 16608),
                                (57, "Eric Bloodaxe", 7, 1, 2,
                                1116, 12734, 1447, 15049),
                                (58, "Tamamo Cat", 7, 0, 4,
                                1504, 14832, 1833, 18328),
                                (59, "Jeanne d’Arc", 8, 0, 5,
                                1482, 14326, 2420, 23244);

INSERT INTO MasterCraftEssenceList (CEID, CEName, CERarity, CEBaseAtk, CEMaxAtk, CEBaseHP, CEMaxHP)
			VALUES					(1, "Tenacity", 1, 0, 0, 100, 300),
									(2, "Meditation", 1, 0, 0, 150, 450),
									(3, "Technique", 1, 100, 300, 0, 0),
									(4, "Preemption", 1, 100, 300, 0, 0),
									(5, "Destruction", 1, 100, 300, 0, 0),
									(6, "Flash", 2, 150, 500, 0, 0),
									(7, "Pleasant Chance", 2, 75, 250, 112, 375),
									(8, "Plentiful Harvest", 2, 75, 250, 112, 375),
									(9, "Concentration", 2, 75, 250, 112, 375),
									(10, "Divine Oracle", 2, 150, 500, 0, 0),
									(11, "Azoth Blade", 3, 0, 0, 200, 1000),
									(12, "False Attendant’s Writings", 3, 0, 0, 300, 1500),
									(13, "The Blue Black Keys", 3, 200, 1000, 0, 0),
									(14, "The Green Black Keys", 3, 200, 1000, 0, 0),
									(15, "The Red Black Keys", 3, 200, 1000, 0, 0),
									(16, "Rin’s Pendant", 3, 200, 1000, 0, 0),
									(17, "Grimoire", 3, 100, 500, 150 ,750),
									(18, "Ley Line", 3, 100, 500, 150, 750),
									(19, "Magic Crystal", 3, 100, 500, 150, 750),
									(20, "Dragonkind", 3, 200, 1000, 0, 0),
									(21, "Iron-Willed Training", 4, 0, 0, 400, 1500),
									(22, "Primeval Curse", 4, 0, 0, 600, 2250),
									(23, "Projection", 4, 400, 1500, 0, 0),
									(24, "Gandr", 4, 400, 1500, 0, 0),
									(25, "Verdant Sound of Destruction", 4, 400, 1500, 0, 0),
									(26, "Gem Magecraft: Antumbra", 4, 400, 1500, 0, 0),
									(27, "Be Elegant", 4, 200, 750, 300, 1125),
									(28, "Imaginary Number Magecraft", 4, 200, 750, 300, 1125),
									(29, "Divine Banquet", 4, 200, 750, 300, 1125),
									(30, "Angel’s Song", 4, 400, 1500, 0, 0),
									(31, "Formal Craft", 5, 500, 2000, 0, 0),
									(32, "Imaginary Around", 5, 500, 2000, 0, 0),
									(33, "Limited/Zero Over", 5, 500, 2000, 0, 0),
									(34, "Kaleidoscope", 5, 500, 2000, 0, 0),
									(35, "Heaven’s Feel", 5, 500, 2000, 0, 0),
									(36, "Beginning of the Journey", 4, 50, 50, 50, 50),
									(37, "Parted Sea", 3, 0, 0, 300, 1500),
									(38, "Sealing Designation Enforcer", 4, 400, 1500, 0, 0),
									(39, "Holy Shroud of Magdalene", 4, 0, 0, 400, 1500),
									(40, "Prisma Cosmos", 5, 250, 1000, 375, 1500);

