USE SylviaHungerfordFinal;
DELETE FROM Account;
DELETE FROM PrivateServantList;
DELETE FROM PrivateCraftEssenceList;
DELETE FROM Party;


INSERT INTO Account 	(AccountID, AccountName, Message, GenderID, DateOfBirth, AccountLv, 
						ServantsOwned, MaxServantNumber, CEsOwned, MaxCENumber, CurrentSaintQuartz, 
						CurrentRarePrisms, CurrentManaPrisms, CurrentQP, CurrentFP)
    VALUES				(111111111, "Fujimaru", null, 0, '1999-01-01', 1, 
						12, 300, 10, 300, 30, 
                        0, 15, 24601, 12345),
                        (222222222, "Ritsuka", null, 1, '1999-02-01', 1, 
						59, 300, 40, 300, 0, 
                        0, 0, 0, 0),
                        (333333333, "Emiya", "I am the bone of my sword", 1, '2022-04-12', 1, 
						59, 300, 40, 300, 12, 
                        2, 20, 99756, 1050),
                        (444444444, "Shirou", "Steel is my body and fire is my blood", 1, '1997-04-12', 1, 
						59, 300, 40, 300, 12, 
                        2, 20, 99756, 1050),
                        (555555555, "HelpPls27", "Send dudes I'm in a fight I need more men", 1, '1998-01-27', 1, 
						470, 500, 340, 500, 885, 
                        0, 0, 0, 0),
                        (666666666, "DefaultName", null, 0, '2000-12-01', 1, 
						1, 300, 0, 300, 0, 
                        0, 0, 0, 0),
                        (777777777, "Mash'sWife", null, 0, '1989-10-11', 1, 
						1, 400, 120, 400, 0, 
                        0, 0, 0, 0),
                        (888888888, "idk", null, 1, '1979-07-15', 1, 
						300, 300, 300, 300, 300, 
                        300, 300, 300, 300),
                        (999999999, "Leonardo da Vinci", "I spend too much on this game", 0, '1452-04-15', 170, 
						657, 700, 548, 700, 9361, 
                        1024, 2048, 1000000000, 900000000);



INSERT INTO PrivateServantList (ServantInventoryID, ServantID, AccountID, ServantLv, AscensionNumber,
								ServantAtk, ServantHP, Skill1Lv, Skill2Lv, Skill3Lv, NPLv, BondLv) VALUES				
(1, 1, 111111111, 1, 0, 
1261, 1854, 1, 1, 1, 1, 1),
(1, 1, 222222222, 1, 0, 
1261, 1854, 1, 1, 1, 1, 1),
(5, 46, 222222222, 42, 3, 
4356,5639, 1, 3, 5, 2, 6),
(2, 12,222222222, 87, 4, 
9012,9512, 9, 8, 7, 1, 7),
(6, 23,222222222, 21, 2, 
2394,4234, 2, 2, 2, 3, 3),
(3, 17,222222222, 51, 3, 
5863,3456, 3, 1, 1, 3, 5),
(4, 58,222222222, 90, 4, 
10000,9877, 9, 10, 10, 2, 9),
(1, 1, 333333333, 1, 0, 
1261,1854, 1, 1, 1, 1, 1),
(2, 37,333333333, 87, 4, 
9012,9512, 9, 8, 7, 1, 7),
(3, 43,333333333, 51, 3, 
5863,3456, 3, 1, 1, 3, 5),
(4, 59,333333333, 90, 4, 
10000,9877, 9, 10, 10, 2, 9),
(1, 1, 444444444, 1, 0, 
1261,1854, 1, 1, 1, 1, 1),
(2, 16, 444444444, 42, 3, 
4356,5639, 1, 3, 5, 2, 6),
(3, 19, 444444444, 87, 4, 
9012,9512, 9, 8, 7, 1, 7),
(4, 21, 444444444, 21, 2, 
2394,4234, 2, 2, 2, 3, 3),
(5, 10, 444444444, 51, 3, 
5863,3456, 3, 1, 1, 3, 5),
(6, 54, 444444444, 90, 4, 
10000,9877, 9, 10, 10, 2, 9),
(1, 1, 555555555, 1, 0, 
1261,1854, 1, 1, 1, 1, 1),
(5, 15,555555555, 1, 0, 
1261,1854, 1, 1, 1, 1, 1),
(2, 3,555555555, 87, 4, 
9012,9512, 9, 8, 7, 1, 7),
(3, 7,555555555, 51, 3, 
5863,3456, 3, 1, 1, 3, 5),
(4, 50,555555555, 90, 4, 
10000,9877, 9, 10, 10, 2, 9),
(1, 1, 666666666, 1, 0, 
1261,1854, 1, 1, 1, 1, 1),
(1, 1, 777777777, 120, 4, 
14419, 18362, 10, 10, 10, 5, 15),
(1, 1, 888888888, 1, 0, 
1261,1854, 1, 1, 1, 1, 1),
(1, 1, 999999999, 120, 4, 
14419, 18362, 10, 10, 10, 5, 15),
(2, 2, 999999999, 120, 4,
16418, 19506, 10, 10, 10, 5, 15),
(3, 3, 999999999, 120, 4,
16569, 16514, 10, 10, 10, 5, 15),
(4, 4, 999999999, 120, 4,
12984, 17138, 10, 10, 10, 5, 15),
(5, 5, 999999999, 120, 4,
15433, 18748, 10, 10, 10, 5, 15),
(6, 6, 999999999, 120, 4,
13630, 22185, 10, 10, 10, 5, 15),
(7, 7, 999999999, 120, 4,
13917, 17291, 10, 10, 10, 5, 15),
(8, 8, 999999999, 120, 4,
17859, 19906, 10, 10, 10, 5, 15),
(9, 9, 999999999, 120, 4,
12515, 18730, 10, 10, 10, 5, 15),
(10, 10, 999999999, 120, 4,
14461, 20890, 10, 10, 10, 5, 15),
(11, 11, 999999999, 120, 4,
15360,18418, 10, 10, 10, 5, 15),
(12, 12, 999999999, 120, 4,
17779, 18863, 10, 10, 10, 5, 15),
(13, 13, 999999999, 120, 4,
12673,18235, 10, 10, 10, 5, 15),
(14, 14, 999999999, 120, 4,
14273, 19778, 10, 10, 10, 5, 15),
(15, 15, 999999999, 120, 4,
13177,17149, 10, 10, 10, 5, 15),
(16, 16, 999999999, 120, 4,
12651,14911, 10, 10, 10, 5, 15),
(17, 17, 999999999, 120, 4,
13506,17288, 10, 10, 10, 5, 15),
(18, 18, 999999999, 120, 4,
14968, 18915, 10, 10, 10, 5, 15),
(19, 19, 999999999, 120, 4,
11900, 17528, 10, 10, 10, 5, 15),
(20, 20, 999999999, 120, 4,
13257, 16093, 10, 10, 10, 5, 15),
(21, 21, 999999999, 120, 4,
13234,15508, 10, 10, 10, 5, 15),
(22, 22, 999999999, 120, 4,
13506,17750, 10, 10, 10, 5, 15),
(23, 23, 999999999, 120, 4,
13444,16243, 10, 10, 10, 5, 15),
(24, 24, 999999999, 120, 4,
10935,17615, 10, 10, 10, 5, 15),
(25, 25, 999999999, 120, 4,
12561,15420, 10, 10, 10, 5, 15),
(26, 26, 999999999, 120, 4,
11996,18144, 10, 10, 10, 5, 15),
(27, 27, 999999999, 120, 4,
13247,16387, 10, 10, 10, 5, 15),
(28, 28, 999999999, 120, 4,
13692,13769, 10, 10, 10, 5, 15),
(29, 29, 999999999, 120, 4,
13789,17596, 10, 10, 10, 5, 15),
(30, 30, 999999999, 120, 4,
13393,20622, 10, 10, 10, 5, 15),
(31, 31, 999999999, 120, 4,
13791,15744, 10, 10, 10, 5, 15),
(32, 32, 999999999, 120, 4,
12354,17149, 10, 10, 10, 5, 15),
(33, 33, 999999999, 120, 4,
11827,16399, 10, 10, 10, 5, 15),
(34, 34, 999999999, 120, 4,
11895,15715, 10, 10, 10, 5, 15),
(35, 35, 999999999, 120, 4,
12870,16687, 10, 10, 10, 5, 15),
(36, 36, 999999999, 120, 4,
11514,14924, 10, 10, 10, 5, 15),
(37, 37, 999999999, 120, 4,
15617,18359, 10, 10, 10, 5, 15),
(38, 38, 999999999, 120, 4,
12459,17306, 10, 10, 10, 5, 15),
(39, 39, 999999999, 120, 4,
12503,13275, 10, 10, 10, 5, 15),
(40, 40, 999999999, 120, 4,
12717,14889, 10, 10, 10, 5, 15),
(41, 41, 999999999, 120, 4,
14773,18413, 10, 10, 10, 5, 15),
(42, 42, 999999999, 120, 4,
13456,15216, 10, 10, 10, 5, 15),
(43, 43, 999999999, 120, 4,
11311,16102, 10, 10, 10, 5, 15),
(44, 44, 999999999, 120, 4,
11649,16245, 10, 10, 10, 5, 15),
(45, 45, 999999999, 120, 4,
11847,13901, 10, 10, 10, 5, 15),
(46, 46, 999999999, 120, 4,
15375,16924, 10, 10, 10, 5, 15),
(47, 47, 999999999, 120, 4,
17148,16716, 10, 10, 10, 5, 15),
(48, 48, 999999999, 120, 4,
16894,16716, 10, 10, 10, 5, 15),
(49, 49, 999999999, 120, 4,
14906,15230, 10, 10, 10, 5, 15),
(50, 50, 999999999, 120, 4,
11290,15998, 10, 10, 10, 5, 15),
(51, 51, 999999999, 120, 4,
18334,17644, 10, 10, 10, 5, 15),
(52, 52, 999999999, 120, 4,
16775,19730, 10, 10, 10, 5, 15),
(53, 53, 999999999, 120, 4,
13056,13972, 10, 10, 10, 5, 15),
(54, 54, 999999999, 120, 4,
13658,14396, 10, 10, 10, 5, 15),
(55, 55, 999999999, 120, 4,
14093,15965, 10, 10, 10, 5, 15),
(56, 56, 999999999, 120, 4,
12561,16608, 10, 10, 10, 5, 15),
(57, 57, 999999999, 120, 4,
12734,15049, 10, 10, 10, 5, 15),
(58, 58, 999999999, 120, 4,
14832,18328, 10, 10, 10, 5, 15),
(59, 59, 999999999, 120, 4,
14326,23244, 10, 10, 10, 5, 15);
                                


INSERT INTO PrivateCraftEssenceList (CEInventoryID, CEID, AccountID, CELv, CEAtk, CEHP, LBNumber) VALUES				
(1, 1, 111111111, 1, 0, 100, 0),
(1, 13,222222222, 30, 500, 0, 4),
(2, 14,222222222, 30, 500, 0, 4),
(3, 15,222222222, 30, 500, 0, 4),
(1, 13,333333333, 60, 1000, 0, 4),
(2, 14,333333333, 60, 1000, 0, 4),
(3, 15,333333333, 60, 1000, 0, 4),
(1, 13,444444444, 60, 1000, 0, 4),
(2, 14,444444444, 60, 1000, 0, 4),
(3, 15,444444444, 60, 1000, 0, 4),
(1, 13,555555555, 60, 1000, 0, 4),
(2, 14,555555555, 60, 1000, 0, 4),
(3, 15,555555555, 60, 1000, 0, 4),
(1, 13,666666666, 60, 1000, 0, 4),
(2, 14,666666666, 60, 1000, 0, 4),
(3, 15,666666666, 60, 1000, 0, 4),
(1, 13,777777777, 60, 1000, 0, 4),
(2, 14,777777777, 60, 1000, 0, 4),
(3, 15,777777777, 60, 1000, 0, 4),
(1, 13,888888888, 60, 1000, 0, 4),
(2, 14,888888888, 60, 1000, 0, 4),
(3, 15,888888888, 60, 1000, 0, 4),
(1, 1, 999999999, 50, 0, 300, 4),
(2, 2, 999999999, 50, 0, 450, 4),
(3, 3, 999999999, 50, 300, 0, 4),
(4, 4, 999999999, 50, 300, 0, 4),
(5, 5, 999999999, 50, 300, 0, 4),
(6, 6, 999999999, 55, 500, 0, 4),
(7, 7, 999999999, 55, 250, 375, 4),
(8, 8, 999999999, 55, 250, 375, 4),
(9, 9, 999999999, 55, 250, 375, 4),
(10, 10, 999999999, 55, 500, 0, 4),
(11, 11, 999999999, 60, 0, 1000, 4),
(12, 12, 999999999, 60, 0, 1500, 4),
(13, 13, 999999999, 60, 1000, 0, 4),
(14, 14, 999999999, 60, 1000, 0, 4),
(15, 15, 999999999, 60, 1000, 0, 4),
(16, 16, 999999999, 60, 1000, 0, 4),
(17, 17, 999999999, 60, 500, 750, 4),
(18, 18, 999999999, 60, 500, 750, 4),
(19, 19, 999999999, 60, 500, 750, 4),
(20, 20, 999999999, 60, 1000, 0, 4),
(21, 21, 999999999, 80, 0, 1500, 4),
(22, 22, 999999999, 80, 0, 2250, 4),
(23, 23, 999999999, 80, 1500, 0, 4),
(24, 24, 999999999, 80, 1500, 0, 4),
(25, 25, 999999999, 80, 1500, 0, 4),
(26, 26, 999999999, 80, 1500, 0, 4),
(27, 27, 999999999, 80, 750, 1125, 4),
(28, 28, 999999999, 80, 750, 1125, 4),
(29, 29, 999999999, 80, 750, 1125, 4),
(30, 30, 999999999, 80, 1500, 0, 4),
(31, 31, 999999999, 100, 2000, 0, 4),
(32, 32, 999999999, 100, 2000, 0, 4),
(33, 33, 999999999, 100, 2000, 0, 4),
(34, 34, 999999999, 100, 2000, 0, 4),
(35, 35, 999999999, 100, 2000, 0, 4),
(36, 36, 999999999, 80, 50, 50, 4),
(37, 37, 999999999, 60, 0, 1500, 4),
(38, 38, 999999999, 80, 1500, 0, 4),
(39, 39, 999999999, 80, 0, 1500, 4),
(40, 40, 999999999, 100, 1000, 1500, 4);
            
            
INSERT INTO Party (PartyID, AccountID, PS1Servant, PS2Servant, PS3Servant, PS4Servant, PS5Servant,
					PS1CE, PS2CE, PS3CE, PS4CE, PS5CE)
		VALUES		(1, 111111111, 1, null, null, null, null,
					null, null, null, null, null),
                    (1, 999999999, 2, 3, 4, 5, 6,
                    34, 33, 32, 1, 22);